{
    "baseline_baseline": {
        "run1": {
            "scenario1": {
                "recall": 0.1768853464132434,
                "precision": 0.33703271028037385,
                "f1": 0.23200643345396063
            },
            "scenario2": {
                "recall": 0.2716577540106952,
                "precision": 0.3503448275862069,
                "f1": 0.3060240963855421
            },
            "scenario3": {
                "recall": 0.01701093560145808,
                "precision": 0.4375,
                "f1": 0.0327485380116959
            }
        }
    },
    "ThiagoCF05_872896": {
        "run1": {
            "scenario1": {
                "recall": 0.4852851011649295,
                "precision": 0.5301406563965171,
                "f1": 0.5067221510883483
            },
            "scenario2": {
                "recall": 0.6893048128342246,
                "precision": 0.649043303121853,
                "f1": 0.6685684647302905
            },
            "scenario3": {
                "recall": 0.19441069258809235,
                "precision": 0.31620553359683795,
                "f1": 0.24078254326561324
            }
        },
        "run2": {
            "scenario1": {
                "recall": 0.49110974862047824,
                "precision": 0.5684882895670689,
                "f1": 0.5269736842105264
            },
            "scenario2": {
                "recall": 0.6973262032085561,
                "precision": 0.7149122807017544,
                "f1": 0.7060097455332972
            },
            "scenario3": {
                "recall": 0.20534629404617255,
                "precision": 0.3665943600867679,
                "f1": 0.26323987538940813
            }
        },
        "run3": {
            "scenario1": {
                "recall": 0.5027590435315757,
                "precision": 0.5566870332654447,
                "f1": 0.5283505154639175
            },
            "scenario2": {
                "recall": 0.66524064171123,
                "precision": 0.713302752293578,
                "f1": 0.6884338682899834
            },
            "scenario3": {
                "recall": 0.20413122721749696,
                "precision": 0.30656934306569344,
                "f1": 0.24507658643326038
            }
        }
    },
    "lorainemg_872675": {
        "run1": {
            "scenario1": {
                "recall": 0.40374003678724707,
                "precision": 0.29162976085031,
                "f1": 0.33864746721522243
            },
            "scenario2": {
                "recall": 0.6850267379679145,
                "precision": 0.5460358056265985,
                "f1": 0.607685009487666
            },
            "scenario3": {
                "recall": 0.041312272174969626,
                "precision": 0.07727272727272727,
                "f1": 0.053840063341250986
            }
        },
        "run2": {
            "scenario1": {
                "recall": 0.40374003678724707,
                "precision": 0.29162976085031,
                "f1": 0.33864746721522243
            },
            "scenario2": {
                "recall": 0.6850267379679145,
                "precision": 0.5460358056265985,
                "f1": 0.607685009487666
            },
            "scenario3": {
                "recall": 0.041312272174969626,
                "precision": 0.07727272727272727,
                "f1": 0.053840063341250986
            }
        },
        "run3": {
            "scenario1": {
                "recall": 0.40374003678724707,
                "precision": 0.29162976085031,
                "f1": 0.33864746721522243
            },
            "scenario2": {
                "recall": 0.6850267379679145,
                "precision": 0.5460358056265985,
                "f1": 0.607685009487666
            },
            "scenario3": {
                "recall": 0.041312272174969626,
                "precision": 0.07727272727272727,
                "f1": 0.053840063341250986
            }
        }
    },
    "CodestrangeTeam_872715": {
        "run1": {
            "scenario1": {
                "recall": 0.1768853464132434,
                "precision": 0.33703271028037385,
                "f1": 0.23200643345396063
            },
            "scenario2": {
                "recall": 0.04438502673796792,
                "precision": 0.415,
                "f1": 0.08019323671497584
            },
            "scenario3": {
                "recall": 0.01701093560145808,
                "precision": 0.4375,
                "f1": 0.0327485380116959
            }
        }
    },
    "dayanyalfaro_872514": {
        "run1": {
            "scenario1": {
                "recall": 0.3743102391171061,
                "precision": 0.4852941176470588,
                "f1": 0.42263759086188996
            },
            "scenario2": {
                "recall": 0.5374331550802139,
                "precision": 0.5175077239958805,
                "f1": 0.5272822665267577
            },
            "scenario3": {
                "recall": 0.22235722964763063,
                "precision": 0.5562310030395137,
                "f1": 0.31770833333333337
            }
        }
    },
    "GuanZhengyi_872654": {
        "run1": {
            "scenario1": {
                "recall": 0.0,
                "precision": 0.0,
                "f1": 0.0
            },
            "scenario2": {
                "recall": 0.24598930481283424,
                "precision": 0.5203619909502263,
                "f1": 0.3340595497458243
            },
            "scenario3": {
                "recall": 0.0,
                "precision": 0.0,
                "f1": 0.0
            }
        }
    },
    "Maoqin_872627": {
        "run1": {
            "scenario1": {
                "recall": 0.0,
                "precision": 0.0,
                "f1": 0.0
            },
            "scenario2": {
                "recall": 0.12727272727272726,
                "precision": 0.27107061503416857,
                "f1": 0.17321688500727803
            },
            "scenario3": {
                "recall": 0.0,
                "precision": 0.0,
                "f1": 0.0
            }
        }
    },
    "jnavarro_BERTsimpleIA2": {
        "run1": {
            "scenario1": {
                "recall": 0.07142857142857142,
                "precision": 0.23440643863179075,
                "f1": 0.1094924812030075
            },
            "scenario2": {
                "recall": 0.22459893048128343,
                "precision": 0.3157894736842105,
                "f1": 0.2625
            },
            "scenario3": {
                "recall": 0.0036452004860267314,
                "precision": 0.375,
                "f1": 0.007220216606498195
            }
        }
    },
    "nperez_865011": {
        "run1": {
            "scenario1": {
                "recall": 0.43439607602697733,
                "precision": 0.5126628075253257,
                "f1": 0.4702953866578162
            },
            "scenario2": {
                "recall": 0.5711229946524065,
                "precision": 0.6998689384010485,
                "f1": 0.6289752650176678
            },
            "scenario3": {
                "recall": 0.0,
                "precision": 0.0,
                "f1": 0.0
            }
        },
        "run2": {
            "scenario1": {
                "recall": 0.4963212752912324,
                "precision": 0.5407481629926519,
                "f1": 0.5175831202046035
            },
            "scenario2": {
                "recall": 0.6711229946524064,
                "precision": 0.5767463235294118,
                "f1": 0.620365793376174
            },
            "scenario3": {
                "recall": 0.1859052247873633,
                "precision": 0.5083056478405316,
                "f1": 0.2722419928825623
            }
        },